,"GO:1903214,regulation of protein targeting to mitochondrion","GO:0006626,protein targeting to mitochondrion","GO:0006613,cotranslational protein targeting to membrane","GO:1903955,positive regulation of protein targeting to mitochondrion","GO:0005739,mitochondrion","GO:0005743,mitochondrial inner membrane","GO:0005759,mitochondrial matrix","GO:0005741,mitochondrial outer membrane","GO:0005740,mitochondrial envelope","GO:0005758,mitochondrial intermembrane space","GO:0098798,mitochondrial protein complex","GO:0098573,intrinsic component of mitochondrial membrane","GO:0098799,outer mitochondrial membrane protein complex","GO:0031966,mitochondrial membrane","GO:0051646,mitochondrion localization","GO:0051654,establishment of mitochondrion localization","GO:0005730,nucleolus","GO:0005654,nucleoplasm","GO:0007093, name: mitotic cell cycle checkpoint","GO:0007049, name: cell cycle","GO:0044770, name: cell cycle phase transition","GO:0022402, name: cell cycle process","GO:0051726, name: regulation of cell cycle","GO:0016607, name: nuclear speck","GO:0010494, name: cytoplasmic stress granule","GO:0000932, name: P-body","GO:0043565, name: sequence-specific DNA binding"
FCR,-1.08616313866976,NA,NA,NA,NA,NA,NA,NA,NA,NA,NA,NA,NA,NA,NA,NA,5.30554192777818,NA,2.08704581461676,NA,NA,NA,NA,NA,NA,NA,-3.64623412271779
net_charge,NA,NA,5.4671734652528,NA,10.1088187713179,1.03549268148543,10.1088187713179,NA,6.03851972153417,NA,-0.762038562559183,2.13890097272591,NA,5.94640624433139,NA,NA,NA,NA,NA,NA,NA,NA,NA,NA,NA,NA,NA
AA_A,NA,NA,NA,NA,2.85900953533179,NA,2.85900953533179,NA,NA,2.70614549203398,NA,NA,NA,NA,NA,NA,NA,NA,NA,NA,NA,NA,NA,NA,2.47998791137543,-0.144539131536183,NA
AA_G,NA,NA,NA,NA,NA,NA,NA,NA,NA,NA,NA,NA,NA,NA,NA,2.59642933856103,NA,NA,-0.219284184491332,-4.58591209316949,NA,NA,NA,NA,0.944434895453417,NA,NA
AA_H,NA,-1.74800286731609,NA,NA,NA,NA,NA,NA,NA,NA,NA,NA,-1.20732831226746,NA,NA,NA,NA,NA,-3.43502517376815,NA,NA,NA,NA,NA,NA,0.228639312357645,NA
AA_N,NA,-1.35050722218087,NA,NA,NA,NA,NA,NA,NA,NA,NA,-1.34708777457154,NA,NA,NA,-2.30936260889024,NA,NA,NA,NA,3.99675004397659,NA,2.74948439281296,NA,2.87185950111642,1.0195731821553,NA
AA_P,NA,NA,NA,NA,NA,NA,NA,NA,NA,NA,NA,NA,NA,NA,NA,NA,NA,NA,NA,NA,NA,NA,NA,NA,2.37329526529383,NA,NA
AA_Q,NA,NA,NA,NA,NA,NA,NA,NA,NA,NA,NA,NA,NA,NA,NA,NA,NA,NA,NA,NA,NA,NA,NA,NA,2.23078147820854,NA,NA
AA_S,NA,NA,NA,NA,NA,NA,NA,NA,NA,NA,NA,NA,NA,NA,NA,NA,NA,NA,NA,NA,NA,NA,NA,NA,-0.570633194164255,NA,NA
AA_T,NA,NA,NA,NA,NA,NA,NA,NA,NA,NA,NA,-1.52899093624339,NA,NA,NA,NA,NA,NA,NA,NA,NA,NA,NA,-2.67951707407484,NA,NA,NA
DEG_APCC_DBOX_1,NA,NA,NA,NA,NA,NA,NA,NA,NA,NA,NA,NA,NA,NA,NA,NA,NA,NA,NA,NA,NA,NA,NA,NA,NA,-0.278044083874803,NA
DEG_APCC_KENBOX_2,NA,NA,NA,NA,NA,NA,NA,NA,NA,NA,NA,NA,NA,NA,NA,NA,NA,NA,3.3665888673532,NA,2.88418210658758,NA,NA,NA,1.57077307870216,NA,NA
DOC_CYCLIN_RxL_1,NA,NA,NA,NA,7.69481671070874,3.66297146359555,7.69481671070874,NA,2.91533128483352,NA,1.23744455950072,1.68731508409287,NA,3.20851733798082,NA,0.636875429740879,NA,NA,2.30716592742832,NA,NA,NA,NA,NA,-2.1273220313742,NA,NA
DOC_MAPK_FxFP_2,NA,NA,NA,NA,NA,NA,NA,NA,NA,NA,NA,NA,NA,NA,NA,NA,NA,NA,NA,NA,NA,NA,NA,NA,NA,NA,NA
DOC_MAPK_MEF2A_6,NA,NA,NA,-0.950569140704203,NA,NA,NA,NA,NA,NA,NA,NA,NA,NA,NA,NA,NA,NA,-0.467972469127054,-3.70539304832933,NA,NA,NA,NA,NA,-0.112999606810814,NA
DOC_PP2A_B56_1,NA,NA,NA,NA,NA,NA,NA,NA,NA,NA,NA,NA,NA,NA,NA,NA,NA,NA,NA,NA,4.30040421570986,NA,NA,NA,NA,-0.504763318329733,NA
DOC_PP2B_PxIxI_1,NA,NA,NA,NA,NA,NA,NA,NA,NA,NA,NA,NA,NA,NA,NA,NA,NA,NA,NA,NA,NA,NA,NA,NA,NA,NA,NA
INT_RGG,NA,NA,NA,-1.61918998656556,NA,NA,NA,NA,NA,NA,NA,NA,NA,NA,NA,NA,NA,NA,NA,NA,NA,NA,NA,0.875952605576428,2.92954888522179,NA,NA
LIG_14_3_3_CanoR_1,NA,NA,NA,NA,NA,NA,NA,3.17929101193255,NA,NA,NA,2.82679124068214,1.28955248014545,NA,NA,NA,NA,NA,NA,NA,NA,NA,NA,NA,NA,NA,NA
LIG_AP_GAE_1,NA,NA,NA,NA,NA,NA,NA,NA,NA,NA,NA,NA,NA,NA,NA,NA,NA,NA,NA,NA,NA,NA,NA,NA,NA,NA,NA
LIG_CaM_IQ_9,NA,NA,NA,NA,NA,NA,NA,NA,NA,NA,NA,NA,NA,NA,NA,NA,NA,NA,NA,NA,NA,NA,NA,NA,NA,NA,NA
LIG_EH_1,NA,NA,NA,NA,NA,NA,NA,NA,NA,NA,NA,NA,NA,NA,NA,NA,NA,NA,2.32815444986446,NA,NA,NA,NA,NA,-1.31619318939893,NA,NA
LIG_EVH1_1,NA,NA,NA,NA,NA,NA,NA,NA,NA,NA,NA,NA,NA,NA,1.49479801771237,2.43106301350448,NA,NA,NA,NA,NA,NA,NA,NA,-2.44203889589428,NA,NA
LIG_LIR_Gen_1,NA,NA,NA,NA,NA,NA,NA,NA,NA,NA,NA,NA,0.452004768566661,NA,NA,NA,NA,NA,NA,NA,NA,NA,NA,NA,NA,-0.392920209478758,NA
LIG_NRBOX,NA,NA,NA,NA,NA,NA,NA,NA,NA,NA,NA,NA,NA,NA,NA,NA,NA,NA,NA,NA,NA,NA,NA,NA,NA,NA,NA
LIG_PCNA_PIPBox_1,NA,NA,NA,NA,NA,NA,NA,NA,NA,NA,NA,NA,NA,NA,NA,NA,NA,NA,NA,NA,NA,NA,NA,NA,NA,NA,NA
LIG_PDZ_Class_1,NA,NA,NA,NA,NA,NA,NA,NA,NA,NA,NA,NA,-4.0919862594694,NA,NA,NA,NA,NA,NA,NA,NA,NA,NA,NA,-0.550375675947557,NA,NA
LIG_PROFILIN_1,NA,NA,NA,NA,NA,NA,NA,NA,NA,NA,NA,NA,NA,NA,NA,NA,NA,NA,NA,NA,NA,NA,NA,NA,NA,0.220001408339208,NA
LIG_SH2_GRB2,NA,NA,NA,NA,NA,NA,NA,NA,NA,NA,NA,NA,NA,NA,NA,NA,NA,NA,NA,NA,NA,NA,NA,NA,0.29064891084963,NA,NA
LIG_SH2_SRC,NA,NA,NA,NA,NA,NA,NA,NA,NA,NA,NA,NA,NA,NA,NA,NA,NA,NA,-1.77106514729933,NA,NA,NA,NA,NA,NA,0.626920172962762,NA
LIG_SH3_1,1.79664497257312,NA,NA,NA,NA,NA,NA,NA,NA,NA,NA,NA,NA,NA,NA,NA,NA,NA,NA,NA,NA,NA,NA,NA,NA,NA,NA
LIG_SH3_2,NA,NA,NA,NA,NA,NA,NA,NA,NA,NA,NA,NA,NA,NA,NA,NA,NA,NA,NA,NA,NA,NA,NA,NA,NA,NA,NA
LIG_WW_1,NA,-3.66985348577506,NA,NA,NA,NA,NA,NA,NA,1.8178813282255,NA,NA,NA,NA,NA,NA,NA,NA,NA,NA,NA,NA,NA,NA,0.386828263726876,NA,NA
LIG_eIF4E_1,NA,NA,NA,NA,NA,NA,NA,NA,NA,NA,NA,NA,NA,NA,NA,NA,NA,NA,NA,NA,NA,NA,NA,NA,NA,NA,NA
MOD_CAAXbox,NA,NA,NA,NA,NA,NA,NA,NA,NA,NA,NA,NA,NA,NA,NA,NA,NA,NA,NA,NA,NA,NA,NA,NA,NA,NA,NA
MOD_CDC7_priming,NA,NA,NA,NA,NA,NA,NA,NA,NA,NA,NA,NA,NA,NA,2.33537971210458,3.84114998598378,NA,NA,NA,NA,NA,NA,NA,NA,NA,NA,NA
MOD_CDK_SPxK_1,2.7179958228699,-2.7288256267892,NA,NA,NA,NA,NA,2.94716419463904,NA,NA,NA,NA,NA,NA,NA,NA,NA,NA,3.03858812732823,4.97159327481398,5.30627765448902,5.39808850454357,NA,NA,-1.00797579119996,0.724258079730263,NA
MOD_CDK_SPxxK_3,-3.63427584725097,NA,NA,NA,NA,NA,NA,NA,NA,NA,NA,NA,1.51747057716968,NA,NA,NA,NA,NA,NA,NA,NA,NA,NA,NA,NA,NA,NA
MOD_CDK_STP,NA,NA,NA,NA,-5.39051871646379,NA,-5.39051871646379,NA,NA,NA,-2.7542088046737,NA,NA,NA,NA,NA,NA,NA,NA,NA,NA,NA,2.80345053227465,NA,NA,NA,6.07888016478413
MOD_CKII,-1.5449347555545,NA,NA,NA,NA,NA,NA,NA,NA,NA,NA,NA,1.17166138029246,NA,NA,NA,NA,NA,1.69039393151408,NA,NA,NA,NA,NA,NA,NA,NA
MOD_ERK1,2.35975403917411,NA,NA,1.49005389023486,NA,NA,NA,2.3994124030712,NA,NA,NA,1.75028052723676,NA,NA,1.60467217160054,1.9388315359829,NA,NA,4.08712612135233,NA,NA,NA,NA,NA,NA,-0.1469419241473,NA
MOD_GSK3_1,NA,3.05110034562322,NA,NA,NA,NA,NA,NA,NA,1.54859450195649,NA,NA,1.66571534096124,NA,NA,NA,NA,NA,NA,NA,NA,NA,NA,-5.26425910959303,NA,NA,NA
MOD_LATS_1,NA,NA,NA,NA,NA,NA,NA,NA,NA,NA,NA,NA,NA,NA,NA,NA,NA,NA,NA,NA,NA,NA,NA,NA,NA,NA,NA
MOD_N_GLC_1,NA,NA,NA,NA,NA,NA,NA,NA,NA,NA,NA,NA,NA,NA,NA,NA,NA,NA,NA,NA,NA,NA,NA,NA,-2.88177979027541,NA,NA
MOD_PIKK_1,NA,NA,NA,NA,NA,NA,NA,NA,NA,NA,NA,NA,NA,NA,NA,NA,NA,NA,3.64710869818695,NA,NA,NA,NA,NA,NA,NA,NA
MOD_PKA_1,NA,NA,NA,NA,NA,NA,NA,NA,NA,NA,NA,NA,NA,NA,NA,NA,NA,NA,2.00526569469399,NA,NA,NA,NA,NA,NA,0.393686143372311,NA
MOD_PKB_1,NA,NA,NA,NA,NA,NA,NA,NA,NA,NA,NA,NA,-1.81152303615081,NA,NA,NA,NA,NA,2.39232863180534,NA,NA,NA,NA,3.41983281617976,NA,NA,NA
MOD_Plk_1,-3.39669523999162,NA,NA,-0.749841441921866,NA,NA,NA,NA,NA,NA,NA,NA,NA,NA,NA,NA,NA,NA,NA,NA,NA,NA,NA,NA,1.90975399986769,-0.477960743865969,NA
MOD_PRK1,NA,NA,NA,NA,NA,NA,NA,NA,NA,NA,NA,NA,NA,NA,NA,NA,NA,NA,NA,NA,NA,NA,NA,NA,NA,NA,NA
MOD_SUMO_for_1,NA,NA,NA,NA,NA,NA,NA,NA,NA,NA,NA,NA,NA,NA,1.86285268236565,1.58473121047837,NA,NA,NA,NA,NA,NA,NA,NA,NA,NA,9.48577731124733
TRG_ER_FFAT_,NA,NA,NA,NA,NA,NA,NA,NA,NA,NA,NA,NA,NA,NA,NA,NA,NA,NA,NA,NA,NA,NA,NA,NA,NA,NA,NA
TRG_ER_KDEL_1,NA,NA,NA,NA,NA,NA,NA,NA,NA,NA,NA,NA,NA,NA,NA,NA,NA,NA,NA,NA,NA,NA,NA,NA,NA,NA,NA
TRG_FG,NA,4.73267421233408,NA,NA,NA,NA,NA,NA,NA,NA,NA,NA,NA,NA,NA,NA,NA,NA,NA,NA,NA,NA,NA,NA,NA,NA,NA
TRG_Golgi_diPhe_1,NA,NA,NA,NA,NA,NA,NA,NA,NA,1.9154585694804,NA,NA,2.66593066186604,NA,NA,NA,NA,NA,NA,NA,NA,NA,NA,NA,NA,NA,NA
TRG_NLS_MonoCore_2,NA,NA,NA,NA,NA,NA,NA,NA,NA,NA,NA,NA,NA,NA,NA,NA,9.17005235048827,14.1729220956376,NA,NA,NA,NA,NA,NA,NA,-0.454593839429003,NA
REP_D2,NA,NA,NA,NA,NA,NA,NA,NA,NA,NA,NA,NA,NA,NA,NA,NA,NA,NA,NA,NA,NA,NA,NA,NA,NA,NA,NA
REP_E2,NA,NA,NA,NA,-4.17022059502578,-2.29966306086126,-4.17022059502578,NA,NA,NA,-1.29386195618512,-1.0248806707731,NA,NA,NA,NA,NA,NA,NA,NA,NA,NA,2.85635936350021,NA,NA,NA,NA
REP_FG2,NA,NA,4.66130553121209,NA,NA,NA,NA,NA,NA,NA,NA,NA,1.95154309931281,NA,NA,NA,NA,NA,NA,NA,NA,NA,NA,NA,NA,0.585043837393424,NA
REP_G2,NA,NA,NA,NA,NA,NA,NA,NA,NA,NA,NA,NA,NA,NA,NA,NA,NA,NA,NA,NA,NA,NA,NA,NA,NA,NA,NA
REP_K2,NA,NA,NA,NA,NA,NA,NA,NA,NA,NA,NA,NA,NA,NA,NA,NA,NA,NA,NA,NA,NA,NA,NA,NA,NA,NA,NA
REP_KAP2,NA,NA,2.06420541301693,NA,NA,NA,NA,NA,NA,NA,5.23760696512409,NA,NA,NA,NA,NA,NA,NA,NA,NA,NA,NA,NA,NA,0.330410294541994,NA,NA
REP_N2,NA,-2.04476451532698,-2.27121029773109,NA,NA,NA,NA,NA,NA,-3.46899026878814,NA,-2.0527186641978,-3.05124388718897,NA,NA,-1.60975709483866,NA,NA,NA,2.97612318577659,NA,NA,1.49167142284827,NA,NA,-3.61330546211946,NA
REP_P2,NA,NA,-5.87903787819864,NA,NA,-4.47428700618621,NA,NA,NA,NA,-5.92729234097567,NA,2.30753166429495,NA,NA,NA,NA,NA,NA,NA,NA,NA,NA,NA,1.42812246081809,0.21304954639921,NA
REP_PTS2,NA,NA,NA,NA,NA,NA,NA,NA,NA,NA,NA,NA,NA,NA,NA,NA,NA,NA,NA,NA,NA,NA,1.37959431716873,NA,NA,NA,NA
REP_Q2,NA,NA,NA,NA,NA,NA,NA,NA,NA,3.26590406943872,NA,NA,-1.35700875748494,NA,NA,-0.542518797298831,NA,NA,NA,NA,3.23720720566716,NA,3.51589980732739,3.10308482369874,1.1198290311971,NA,NA
REP_QN2,NA,-1.92528667482796,NA,NA,NA,NA,NA,NA,NA,NA,NA,NA,NA,NA,NA,NA,NA,NA,2.42273900721842,NA,NA,NA,NA,NA,1.73392499892074,0.910541611315183,NA
REP_R2,NA,NA,NA,NA,NA,NA,NA,NA,NA,NA,NA,NA,NA,NA,NA,NA,NA,NA,NA,NA,NA,NA,NA,NA,NA,NA,9.17648141567229
REP_RG2,NA,NA,NA,NA,NA,NA,NA,NA,NA,NA,NA,1.99699523739772,NA,NA,-2.5314064696748,-3.96730934058285,NA,NA,NA,NA,NA,NA,NA,NA,1.47389182326243,NA,NA
REP_S2,NA,NA,NA,NA,NA,NA,NA,NA,NA,NA,NA,NA,NA,NA,NA,NA,NA,NA,NA,NA,NA,NA,NA,NA,NA,NA,NA
REP_SG2,NA,NA,NA,NA,NA,NA,NA,NA,NA,NA,NA,NA,NA,NA,NA,3.22393323621327,NA,NA,NA,NA,NA,NA,NA,NA,NA,NA,NA
REP_SR2,NA,NA,NA,NA,NA,NA,NA,NA,NA,NA,NA,NA,NA,NA,NA,NA,NA,NA,NA,NA,NA,NA,NA,2.89770354887748,NA,NA,NA
WF_complexity,NA,-2.23638755785966,NA,NA,-3.82084925949641,-5.72789436276232,-3.82084925949641,NA,-7.14017261471556,NA,-5.33440892962691,NA,-2.12199028735773,-6.63384839325572,NA,1.49254162623698,NA,NA,NA,NA,NA,NA,NA,NA,NA,NA,18.8957574496932
ED_ratio,NA,NA,NA,NA,NA,NA,NA,NA,NA,NA,NA,NA,-1.26714706009614,NA,-1.97660048526117,-1.24011006638521,NA,NA,NA,NA,NA,NA,NA,NA,NA,NA,NA
RK_ratio,NA,NA,-2.75790607279484,NA,6.19502010429383,4.8310890107589,6.19502010429383,NA,6.9273776031543,1.19980114701347,5.61812610016536,0.608467697758002,NA,6.68234476640323,NA,NA,NA,NA,NA,NA,NA,-4.92450357891765,NA,NA,0.56942059222782,NA,NA
acidic,NA,NA,NA,NA,NA,NA,NA,NA,NA,NA,NA,NA,NA,NA,NA,NA,NA,NA,NA,NA,NA,NA,NA,NA,NA,0.104901653648173,NA
aliphatic,NA,NA,NA,NA,-0.076922773982703,1.75447489442498,-0.076922773982703,1.80166495353952,2.60281336667982,0.284565589168619,1.49207927003113,NA,NA,2.23413413037476,NA,NA,NA,NA,NA,NA,NA,NA,NA,-0.310120099658106,NA,NA,NA
aromatic,NA,NA,NA,NA,NA,NA,NA,NA,NA,3.78456369776882,NA,NA,-2.80583851305783,NA,NA,NA,NA,NA,NA,NA,NA,NA,NA,NA,0.890527414825036,NA,NA
basic,NA,NA,0.955624313536046,NA,NA,NA,NA,NA,NA,NA,NA,NA,NA,NA,NA,NA,3.56580584076868,NA,NA,NA,NA,NA,NA,3.65762575939833,NA,NA,-6.69995463806678
chain_expanding,NA,NA,NA,NA,NA,NA,NA,NA,NA,NA,NA,NA,NA,NA,NA,NA,NA,NA,NA,NA,NA,NA,NA,NA,NA,NA,NA
disorder_promoting,NA,NA,3.18825606086451,NA,NA,NA,NA,NA,NA,NA,NA,NA,NA,NA,NA,NA,NA,NA,NA,NA,NA,NA,NA,1.27759061955136,NA,NA,NA
KL_hydropathy,NA,NA,NA,NA,5.85088358368152,4.30613809710829,5.85088358368152,1.67254971185115,5.39703849375191,0.410317066050171,3.19213749771207,3.17099176277138,NA,5.36237085188748,NA,NA,-4.96954798242495,-14.8664152326359,NA,NA,NA,NA,NA,-1.03091592256338,NA,NA,NA
isoelectric_point,NA,NA,NA,0.899733932511579,NA,1.01302401370436,NA,NA,NA,NA,2.382522806116,NA,NA,NA,NA,-1.2536871194835,NA,NA,NA,NA,NA,NA,NA,NA,1.14435076134809,NA,NA
polar_fraction,NA,NA,NA,NA,NA,NA,NA,NA,NA,NA,NA,-1.66838631128507,NA,NA,NA,NA,NA,NA,NA,NA,NA,NA,NA,NA,NA,0.294573008376251,NA
FCRvar,NA,NA,NA,NA,NA,NA,NA,NA,NA,NA,NA,NA,-1.95596695767909,NA,1.72379871465427,1.84490221170161,NA,NA,2.53316354361989,NA,NA,NA,4.34512081841278,NA,NA,NA,NA
net_chargevar,NA,NA,NA,NA,NA,NA,NA,NA,NA,NA,NA,NA,NA,NA,NA,NA,NA,NA,NA,NA,NA,NA,NA,NA,NA,NA,NA
AA_Avar,NA,-4.19717876714156,NA,NA,NA,NA,NA,NA,NA,NA,NA,NA,NA,NA,NA,NA,NA,NA,NA,NA,NA,NA,NA,NA,1.33764046777516,NA,NA
AA_Gvar,NA,2.96952870479282,NA,NA,NA,NA,NA,NA,NA,NA,NA,NA,NA,NA,NA,NA,NA,NA,-4.01993898304766,NA,NA,NA,NA,NA,NA,NA,NA
AA_Hvar,NA,NA,-7.80181813802038,NA,NA,NA,NA,NA,NA,NA,NA,NA,NA,NA,NA,NA,NA,NA,NA,NA,NA,NA,NA,NA,NA,0.264269935606762,NA
AA_Nvar,NA,NA,-4.72643604051168,1.00621697936716,NA,NA,NA,NA,NA,NA,NA,NA,NA,NA,NA,NA,NA,NA,1.78607624552297,NA,NA,NA,NA,NA,NA,NA,NA
AA_Pvar,NA,NA,NA,NA,NA,NA,NA,NA,NA,NA,NA,NA,NA,NA,NA,-4.11498446795141,NA,NA,NA,NA,-3.27390499007714,NA,NA,NA,NA,NA,NA
AA_Qvar,NA,NA,NA,NA,NA,NA,NA,NA,NA,NA,NA,NA,NA,NA,NA,NA,NA,NA,NA,NA,NA,NA,NA,NA,NA,NA,NA
AA_Svar,NA,NA,-3.01464090036534,NA,NA,NA,NA,NA,NA,NA,NA,-2.23664398190801,NA,NA,NA,0.805453386582037,NA,NA,NA,NA,NA,NA,NA,NA,NA,NA,NA
AA_Tvar,NA,NA,-6.11770281519463,NA,NA,NA,NA,NA,NA,NA,NA,NA,NA,NA,NA,NA,NA,NA,NA,NA,NA,NA,NA,NA,NA,NA,NA
DEG_APCC_DBOX_1var,NA,NA,NA,NA,NA,NA,NA,NA,NA,0.911441767278466,NA,NA,NA,NA,NA,NA,NA,NA,NA,NA,NA,NA,NA,NA,NA,NA,NA
DEG_APCC_KENBOX_2var,NA,NA,NA,NA,NA,NA,NA,NA,NA,NA,NA,NA,NA,NA,NA,NA,NA,NA,NA,NA,NA,NA,NA,NA,NA,-0.17584689285876,NA
DOC_CYCLIN_RxL_1var,NA,4.02441866719039,NA,NA,4.2195017604827,2.82000442191844,4.2195017604827,NA,3.87416895455079,1.88253463601959,3.67498600567817,NA,NA,3.78912489348315,NA,1.23669991151048,NA,NA,NA,NA,NA,NA,NA,-4.58973838228661,NA,NA,NA
DOC_MAPK_FxFP_2var,NA,NA,NA,NA,NA,NA,NA,NA,NA,NA,NA,NA,NA,NA,NA,NA,NA,NA,NA,NA,NA,NA,NA,NA,NA,NA,NA
DOC_MAPK_MEF2A_6var,NA,NA,NA,NA,NA,NA,NA,NA,NA,NA,NA,NA,NA,NA,NA,-1.07767433929805,NA,NA,NA,NA,NA,NA,NA,-1.97594949523427,NA,NA,NA
DOC_PP2A_B56_1var,NA,NA,NA,NA,NA,NA,NA,NA,NA,NA,NA,NA,2.70173718426425,NA,NA,1.05844625978411,NA,NA,NA,NA,NA,NA,NA,NA,-1.10824090572445,NA,NA
DOC_PP2B_PxIxI_1var,NA,NA,NA,NA,NA,NA,NA,NA,NA,NA,NA,NA,NA,NA,NA,NA,NA,NA,NA,NA,NA,NA,NA,NA,NA,NA,NA
INT_RGGvar,NA,NA,NA,NA,NA,NA,NA,NA,NA,NA,NA,NA,NA,NA,NA,NA,NA,NA,NA,NA,NA,NA,NA,2.55401324471618,NA,NA,NA
LIG_14_3_3_CanoR_1var,NA,NA,NA,NA,NA,NA,NA,NA,NA,NA,NA,NA,1.02145184528186,NA,NA,NA,NA,NA,NA,NA,NA,NA,-3.87906125031633,NA,NA,NA,NA
LIG_AP_GAE_1var,NA,NA,NA,NA,NA,NA,NA,NA,NA,NA,NA,NA,NA,NA,NA,NA,NA,NA,NA,NA,NA,NA,NA,NA,1.53607159240961,NA,NA
LIG_CaM_IQ_9var,NA,NA,NA,NA,NA,NA,NA,NA,NA,2.63990482574928,NA,NA,NA,NA,NA,NA,NA,NA,NA,NA,NA,NA,NA,NA,NA,NA,NA
LIG_EH_1var,NA,NA,NA,NA,NA,NA,NA,NA,NA,NA,NA,NA,NA,NA,NA,NA,NA,NA,NA,NA,NA,NA,NA,NA,NA,NA,NA
LIG_EVH1_1var,NA,NA,NA,NA,NA,NA,NA,NA,NA,NA,NA,NA,NA,NA,NA,NA,NA,NA,NA,NA,NA,NA,NA,NA,NA,NA,NA
LIG_LIR_Gen_1var,NA,NA,NA,NA,NA,NA,NA,NA,NA,NA,NA,NA,NA,NA,NA,NA,NA,NA,NA,NA,NA,NA,NA,NA,NA,NA,-3.98817342104411
LIG_NRBOXvar,NA,NA,NA,NA,NA,NA,NA,NA,NA,NA,NA,NA,NA,NA,NA,NA,NA,NA,-1.7141302145091,NA,NA,NA,NA,NA,NA,NA,NA
LIG_PCNA_PIPBox_1var,NA,NA,NA,NA,NA,NA,NA,NA,NA,NA,NA,NA,NA,NA,NA,NA,NA,NA,NA,NA,NA,NA,NA,NA,NA,NA,NA
LIG_PDZ_Class_1var,NA,NA,NA,NA,NA,NA,NA,NA,NA,2.40522706475894,NA,NA,NA,NA,NA,NA,NA,NA,NA,NA,NA,NA,NA,NA,-1.05735015806914,NA,NA
LIG_PROFILIN_1var,NA,NA,NA,NA,NA,NA,NA,NA,NA,NA,NA,NA,NA,NA,NA,NA,NA,NA,NA,NA,NA,NA,NA,NA,NA,NA,NA
LIG_SH2_GRB2var,NA,NA,NA,NA,NA,NA,NA,NA,NA,NA,NA,NA,NA,NA,NA,NA,NA,NA,NA,NA,NA,NA,NA,NA,NA,NA,NA
LIG_SH2_SRCvar,NA,NA,NA,NA,NA,NA,NA,NA,NA,NA,NA,NA,NA,NA,NA,NA,NA,NA,NA,NA,NA,NA,NA,NA,NA,NA,NA
LIG_SH3_1var,NA,NA,NA,NA,NA,NA,NA,NA,NA,NA,NA,NA,NA,NA,NA,NA,NA,NA,NA,NA,NA,NA,NA,NA,NA,NA,NA
LIG_SH3_2var,NA,NA,NA,0.97049766061427,NA,NA,NA,NA,NA,NA,NA,2.16319241049005,NA,NA,NA,NA,NA,NA,NA,NA,NA,NA,NA,NA,NA,-0.421787024499812,NA
LIG_WW_1var,NA,NA,NA,NA,NA,NA,NA,NA,NA,NA,NA,NA,NA,NA,NA,NA,NA,NA,NA,NA,NA,NA,NA,NA,NA,NA,NA
LIG_eIF4E_1var,NA,NA,NA,NA,NA,NA,NA,NA,NA,-3.28479700731782,NA,NA,NA,NA,NA,NA,NA,NA,NA,NA,NA,NA,NA,NA,NA,-0.324761231281866,NA
MOD_CAAXboxvar,NA,NA,NA,NA,NA,NA,NA,3.74372850411808,NA,NA,NA,NA,NA,NA,NA,NA,NA,NA,NA,NA,NA,NA,NA,NA,NA,NA,NA
MOD_CDC7_primingvar,NA,NA,NA,NA,NA,NA,NA,NA,NA,NA,NA,NA,NA,NA,NA,0.113118415797788,NA,NA,NA,NA,NA,NA,NA,NA,NA,NA,NA
MOD_CDK_SPxK_1var,NA,NA,NA,NA,NA,NA,NA,NA,NA,NA,NA,NA,NA,NA,NA,NA,NA,NA,NA,NA,NA,NA,NA,NA,NA,NA,NA
MOD_CDK_SPxxK_3var,NA,NA,NA,NA,NA,NA,NA,NA,NA,NA,NA,NA,NA,NA,NA,NA,NA,NA,NA,NA,NA,NA,NA,NA,NA,NA,NA
MOD_CDK_STPvar,NA,NA,NA,NA,NA,NA,NA,NA,NA,NA,NA,NA,NA,NA,NA,NA,NA,NA,NA,NA,NA,NA,NA,NA,NA,NA,NA
MOD_CKIIvar,NA,NA,NA,NA,NA,NA,NA,NA,NA,NA,NA,NA,NA,NA,NA,NA,NA,NA,NA,NA,NA,NA,NA,NA,NA,NA,NA
MOD_ERK1var,NA,NA,NA,NA,NA,NA,NA,NA,NA,NA,NA,NA,NA,NA,NA,NA,NA,NA,NA,NA,NA,NA,NA,NA,NA,0.438169054842192,NA
MOD_GSK3_1var,NA,NA,NA,NA,NA,NA,NA,NA,NA,0.915933908761682,NA,NA,NA,NA,NA,NA,NA,NA,NA,NA,NA,NA,NA,NA,-2.00507114441949,NA,NA
MOD_LATS_1var,2.60210154443024,NA,NA,NA,NA,NA,NA,NA,NA,NA,NA,NA,-2.10503657453685,NA,NA,NA,NA,NA,NA,NA,NA,NA,NA,NA,NA,-0.276727318079003,NA
MOD_N_GLC_1var,NA,NA,NA,NA,NA,NA,NA,NA,NA,NA,NA,NA,NA,NA,NA,NA,NA,NA,NA,NA,NA,NA,NA,NA,NA,NA,NA
MOD_PIKK_1var,NA,NA,NA,NA,NA,NA,NA,NA,NA,NA,NA,NA,NA,NA,NA,-1.92168647620091,NA,NA,NA,NA,NA,NA,NA,NA,NA,NA,NA
MOD_PKA_1var,NA,NA,NA,NA,NA,NA,NA,NA,NA,NA,NA,NA,NA,NA,NA,-0.237643909373369,NA,NA,NA,NA,NA,NA,NA,NA,NA,NA,NA
MOD_PKB_1var,NA,NA,NA,NA,NA,NA,NA,NA,NA,NA,NA,NA,NA,NA,NA,NA,NA,NA,NA,NA,NA,NA,NA,NA,NA,NA,NA
MOD_PRK1var,NA,NA,NA,NA,NA,NA,NA,NA,NA,NA,NA,NA,NA,NA,NA,NA,NA,NA,NA,NA,NA,NA,NA,NA,NA,NA,NA
MOD_Plk_1var,NA,NA,-0.545146431769089,NA,NA,-3.07550233357423,NA,NA,NA,NA,NA,-0.971427887279339,NA,NA,NA,1.32150198334185,NA,NA,NA,NA,NA,NA,NA,NA,NA,NA,NA
MOD_SUMO_for_1var,NA,NA,NA,NA,NA,NA,NA,NA,NA,NA,NA,NA,NA,NA,NA,NA,NA,NA,NA,NA,NA,NA,NA,NA,NA,NA,NA
TRG_ER_FFAT_1var,NA,NA,NA,NA,NA,NA,NA,NA,NA,NA,NA,NA,NA,NA,NA,NA,NA,NA,NA,NA,NA,NA,NA,NA,NA,NA,NA
TRG_ER_KDEL_1var,NA,NA,NA,NA,NA,NA,NA,NA,NA,NA,NA,NA,NA,NA,NA,NA,NA,NA,NA,NA,NA,NA,NA,NA,NA,NA,NA
TRG_FGvar,NA,NA,NA,NA,NA,NA,NA,NA,NA,NA,NA,NA,NA,NA,NA,NA,NA,NA,NA,NA,NA,NA,NA,NA,NA,NA,NA
TRG_Golgi_diPhe_1var,NA,NA,NA,NA,NA,NA,NA,NA,NA,NA,NA,NA,NA,NA,NA,NA,NA,NA,NA,NA,NA,NA,NA,NA,NA,NA,NA
TRG_NLS_MonoCore_2var,NA,NA,NA,NA,NA,NA,NA,NA,NA,NA,NA,NA,NA,NA,NA,NA,NA,NA,NA,NA,NA,NA,NA,NA,NA,NA,NA
acidicvar,NA,NA,NA,NA,NA,NA,NA,NA,NA,NA,-1.21471339538891,NA,NA,NA,NA,1.05744471486201,NA,NA,NA,NA,NA,NA,NA,NA,NA,NA,NA
aliphaticvar,NA,NA,NA,NA,NA,NA,NA,NA,NA,NA,NA,NA,NA,NA,NA,NA,NA,NA,NA,NA,NA,NA,NA,NA,1.13067452321672,NA,NA
aromaticvar,NA,-5.15409381662944,-3.51913864072521,NA,NA,NA,NA,NA,NA,2.40160509527122,NA,NA,NA,NA,NA,NA,NA,NA,-2.05035231326094,NA,NA,NA,NA,NA,NA,NA,-10.184763295385
basicvar,NA,NA,NA,NA,NA,NA,NA,NA,NA,NA,NA,NA,NA,NA,NA,NA,NA,NA,NA,NA,NA,NA,-3.89874284233497,NA,NA,NA,-7.53221827577265
chain_expandingvar,NA,NA,NA,NA,NA,NA,NA,NA,NA,NA,NA,NA,NA,NA,0.61838747549667,NA,NA,NA,NA,NA,NA,NA,NA,NA,-1.84002745717766,NA,NA
disorder_promotingvar,NA,NA,NA,NA,NA,NA,NA,NA,NA,NA,NA,NA,NA,NA,NA,NA,NA,NA,NA,NA,NA,NA,NA,NA,NA,0.330069590665643,NA
KL_hydropathyvar,NA,NA,NA,NA,NA,NA,NA,NA,NA,NA,NA,NA,NA,NA,NA,NA,NA,NA,NA,NA,NA,NA,NA,NA,NA,NA,NA
polar_fractionvar,NA,NA,NA,NA,NA,NA,NA,NA,NA,NA,NA,NA,NA,NA,NA,NA,NA,NA,NA,NA,NA,NA,NA,NA,1.41685422169182,NA,NA
